{
    "foreground_intensity_properties_per_channel": {
        "0": {
            "max": 1466.6702880859375,
            "mean": 299.8553771972656,
            "median": 281.9707946777344,
            "min": 0.3543871343135834,
            "percentile_00_5": 24.148040771484375,
            "percentile_99_5": 719.3135375976562,
            "std": 159.36886596679688
        }
    },
    "median_relative_size_after_cropping": 1.0,
    "shapes_after_crop": [
        [
            128,
            128,
            128
        ],
        [
            110,
            128,
            128
        ],
        [
            115,
            128,
            128
        ],
        [
            115,
            128,
            128
        ],
        [
            115,
            128,
            128
        ],
        [
            115,
            128,
            128
        ],
        [
            120,
            128,
            128
        ],
        [
            120,
            128,
            128
        ],
        [
            115,
            128,
            128
        ],
        [
            115,
            128,
            128
        ],
        [
            115,
            128,
            128
        ],
        [
            115,
            128,
            128
        ],
        [
            115,
            128,
            128
        ],
        [
            115,
            128,
            128
        ],
        [
            115,
            128,
            128
        ],
        [
            115,
            128,
            128
        ],
        [
            115,
            128,
            128
        ],
        [
            115,
            128,
            128
        ],
        [
            115,
            128,
            128
        ],
        [
            115,
            128,
            128
        ],
        [
            115,
            128,
            128
        ],
        [
            115,
            128,
            128
        ],
        [
            115,
            128,
            128
        ],
        [
            115,
            128,
            128
        ],
        [
            115,
            128,
            128
        ],
        [
            115,
            128,
            128
        ],
        [
            115,
            128,
            128
        ],
        [
            115,
            128,
            128
        ],
        [
            90,
            128,
            128
        ],
        [
            115,
            128,
            128
        ],
        [
            115,
            128,
            128
        ],
        [
            115,
            128,
            128
        ],
        [
            115,
            128,
            128
        ],
        [
            115,
            128,
            128
        ],
        [
            115,
            128,
            128
        ],
        [
            115,
            128,
            128
        ],
        [
            100,
            128,
            128
        ],
        [
            115,
            128,
            128
        ],
        [
            115,
            128,
            128
        ],
        [
            115,
            128,
            128
        ],
        [
            115,
            128,
            128
        ],
        [
            115,
            128,
            128
        ],
        [
            115,
            128,
            128
        ],
        [
            115,
            128,
            128
        ],
        [
            115,
            128,
            128
        ],
        [
            75,
            128,
            128
        ],
        [
            115,
            128,
            128
        ],
        [
            115,
            128,
            128
        ],
        [
            115,
            128,
            128
        ],
        [
            115,
            128,
            128
        ],
        [
            80,
            128,
            128
        ],
        [
            80,
            128,
            128
        ],
        [
            80,
            128,
            128
        ],
        [
            80,
            128,
            128
        ],
        [
            80,
            128,
            128
        ],
        [
            115,
            128,
            128
        ],
        [
            80,
            128,
            128
        ],
        [
            115,
            128,
            128
        ],
        [
            124,
            128,
            128
        ],
        [
            115,
            128,
            128
        ],
        [
            115,
            128,
            128
        ],
        [
            115,
            128,
            128
        ],
        [
            115,
            128,
            128
        ],
        [
            115,
            128,
            128
        ],
        [
            115,
            128,
            128
        ],
        [
            115,
            128,
            128
        ],
        [
            115,
            128,
            128
        ],
        [
            115,
            128,
            128
        ],
        [
            115,
            128,
            128
        ],
        [
            115,
            128,
            128
        ],
        [
            115,
            128,
            128
        ],
        [
            115,
            128,
            128
        ],
        [
            115,
            128,
            128
        ],
        [
            115,
            128,
            128
        ],
        [
            115,
            128,
            128
        ],
        [
            115,
            128,
            128
        ],
        [
            115,
            128,
            128
        ],
        [
            115,
            128,
            128
        ],
        [
            115,
            128,
            128
        ],
        [
            115,
            128,
            128
        ],
        [
            115,
            128,
            128
        ],
        [
            115,
            128,
            128
        ],
        [
            115,
            128,
            128
        ],
        [
            115,
            128,
            128
        ],
        [
            115,
            128,
            128
        ],
        [
            115,
            128,
            128
        ],
        [
            115,
            128,
            128
        ],
        [
            115,
            128,
            128
        ],
        [
            115,
            128,
            128
        ],
        [
            115,
            128,
            128
        ],
        [
            115,
            128,
            128
        ]
    ],