{
    "foreground_intensity_properties_per_channel": {
        "0": {
            "max": 1681.779052734375,
            "mean": 344.7729797363281,
            "median": 348.2048034667969,
            "min": 3.6041347980499268,
            "percentile_00_5": 63.51893997192383,
            "percentile_99_5": 644.0689086914062,
            "std": 120.29850769042969
        }
    },
    "median_relative_size_after_cropping": 1.0,
    "shapes_after_crop": [
        [
            100,
            128,
            128
        ],
        [
            110,
            128,
            128
        ],
        [
            100,
            128,
            128
        ],
        [
            110,
            128,
            128
        ],
        [
            115,
            128,
            128
        ],
        [
            115,
            128,
            128
        ],
        [
            115,
            128,
            128
        ],
        [
            115,
            128,
            128
        ],
        [
            90,
            128,
            128
        ],
        [
            115,
            128,
            128
        ],
        [
            115,
            128,
            128
        ],
        [
            115,
            128,
            128
        ],
        [
            115,
            128,
            128
        ],
        [
            115,
            128,
            128
        ],
        [
            115,
            128,
            128
        ],
        [
            115,
            128,
            128
        ],
        [
            115,
            128,
            128
        ],
        [
            115,
            128,
            128
        ],
        [
            115,
            128,
            128
        ],
        [
            115,
            128,
            128
        ],
        [
            100,
            128,
            128
        ],
        [
            115,
            128,
            128
        ],
        [
            100,
            128,
            128
        ],
        [
            115,
            128,
            128
        ],
        [
            115,
            128,
            128
        ],
        [
            115,
            128,
            128
        ],
        [
            115,
            128,
            128
        ],
        [
            115,
            128,
            128
        ],
        [
            115,
            128,
            128
        ],
        [
            115,
            128,
            128
        ],
        [
            115,
            128,
            128
        ],
        [
            115,
            128,
            128
        ],
        [
            115,
            128,
            128
        ],
        [
            115,
            128,
            128
        ],
        [
            115,
            128,
            128
        ],
        [
            115,
            128,
            128
        ],
        [
            115,
            128,
            128
        ],
        [
            115,
            128,
            128
        ],
        [
            115,
            128,
            128
        ],
        [
            115,
            128,
            128
        ],
        [
            115,
            128,
            128
        ]
    ],
    "spacings": [
        [
            1.0,
            1.0,
            1.0
        ],
        [
            1.0,
            1.0,
            1.0
        ],
        [
            1.0,
            1.0,
            1.0
        ],
        [
            1.0,
            1.0,
            1.0
        ],
        [
            1.0,
            1.0,
            1.0
        ],
        [
            1.0,
            1.0,
            1.0
        ],
        [
            1.0,
            1.0,
            1.0
        ],
        [
            1.0,
            1.0,
            1.0
        ],
        [
            1.0,
            1.0,
            1.0
        ],
        [
            1.0,
            1.0,
            1.0
        ],
        [
            1.0,
            1.0,
            1.0
        ],
        [
            1.0,
            1.0,
            1.0
        ],
        [
            1.0,
            1.0,
            1.0
        ],
        [
            1.0,
            1.0,
            1.0
        ],
        [
            1.0,
            1.0,
            1.0
        ],
        [
            1.0,
            1.0,
            1.0
        ],
        [
            1.0,
            1.0,
            1.0
        ],
        [
            1.0,
            1.0,
            1.0
        ],
        [
            1.0,
            1.0,
            1.0
        ],
        [
            1.0,
            1.0,
            1.0
        ],
        [
            1.0,
            1.0,
            1.0
        ],
        [
            1.0,
            1.0,
            1.0
        ],
        [
            1.0,
            1.0,
            1.0
        ],
        [
            1.0,
            1.0,
            1.0
        ],
        [
            1.0,
            1.0,
            1.0
        ],
        [
            1.0,
            1.0,
            1.0
        ],
        [
            1.0,
            1.0,
            1.0
        ],
        [
            1.0,
            1.0,
            1.0
        ],
        [
            1.0,
            1.0,
            1.0
        ],
        [
            1.0,
            1.0,
            1.0
        ],
        [
            1.0,
            1.0,
            1.0
        ],
        [
            1.0,
            1.0,
            1.0
        ],
        [
            1.0,
            1.0,
            1.0
        ],
        [
            1.0,
            1.0,
            1.0
        ],
        [
            1.0,
            1.0,
            1.0
        ],
        [
            1.0,
            1.0,
            1.0
        ],
        [
            1.0,
            1.0,
            1.0
        ],
        [
            1.0,
            1.0,
            1.0
        ],
        [
            1.0,
            1.0,
            1.0
        ],
        [
            1.0,
            1.0,
            1.0
        ],
        [
            1.0,
            1.0,
            1.0
        ]
    ]
}