{
    "foreground_intensity_properties_per_channel": {
        "0": {
            "max": 1681.779052734375,
            "mean": 273.77850341796875,
            "median": 265.74029541015625,
            "min": 0.3543871343135834,
            "percentile_00_5": 24.354248046875,
            "percentile_99_5": 621.119873046875,
            "std": 133.6985321044922
        }
    },
    "median_relative_size_after_cropping": 1.0,
    "shapes_after_crop": [
        [
            100,
            128,
            128
        ],
        [
            128,
            128,
            128
        ],
        [
            110,
            128,
            128
        ],
        [
            115,
            128,
            128
        ],
        [
            110,
            128,
            128
        ],
        [
            115,
            128,
            128
        ],
        [
            115,
            128,
            128
        ],
        [
            100,
            128,
            128
        ],
        [
            115,
            128,
            128
        ],
        [
            120,
            128,
            128
        ],
        [
            110,
            128,
            128
        ],
        [
            120,
            128,
            128
        ],
        [
            115,
            128,
            128
        ],
        [
            115,
            128,
            128
        ],
        [
            115,
            128,
            128
        ],
        [
            115,
            128,
            128
        ],
        [
            115,
            128,
            128
        ],
        [
            115,
            128,
            128
        ],
        [
            115,
            128,
            128
        ],
        [
            115,
            128,
            128
        ],
        [
            115,
            128,
            128
        ],
        [
            115,
            128,
            128
        ],
        [
            115,
            128,
            128
        ],
        [
            115,
            128,
            128
        ],
        [
            90,
            128,
            128
        ],
        [
            115,
            128,
            128
        ],
        [
            115,
            128,
            128
        ],
        [
            115,
            128,
            128
        ],
        [
            115,
            128,
            128
        ],
        [
            115,
            128,
            128
        ],
        [
            115,
            128,
            128
        ],
        [
            115,
            128,
            128
        ],
        [
            115,
            128,
            128
        ],
        [
            115,
            128,
            128
        ],
        [
            115,
            128,
            128
        ],
        [
            115,
            128,
            128
        ],
        [
            115,
            128,
            128
        ],
        [
            115,
            128,
            128
        ],
        [
            115,
            128,
            128
        ],
        [
            115,
            128,
            128
        ],
        [
            115,
            128,
            128
        ],
        [
            115,
            128,
            128
        ],
        [
            115,
            128,
            128
        ],
        [
            115,
            128,
            128
        ],
        [
            115,
            128,
            128
        ],
        [
            115,
            128,
            128
        ],
        [
            115,
            128,
            128
        ],
        [
            115,
            128,
            128
        ],
        [
            115,
            128,
            128
        ],
        [
            115,
            128,
            128
        ],
        [
            115,
            128,
            128
        ],
        [
            115,
            128,
            128
        ],
        [
            115,
            128,
            128
        ],
        [
            100,
            128,
            128
        ],
        [
            115,
            128,
            128
        ],
        [
            115,
            128,
            128
        ],
        [
            115,
            128,
            128
        ],
        [
            100,
            128,
            128
        ],
        [
            115,
            128,
            128
        ],
        [
            115,
            128,
            128
        ],
        [
            115,
            128,
            128
        ],
        [
            115,
            128,
            128
        ],
        [
            115,
            128,
            128
        ],
        [
            115,
            128,
            128
        ],
        [
            115,
            128,
            128
        ],
        [
            115,
            128,
            128
        ],
        [
            115,
            128,
            128
        ],
        [
            115,
            128,
            128
        ],
        [
            115,
            128,
            128
        ],
        [
            115,
            128,
            128
        ],
        [
            115,
            128,
            128
        ],
        [
            115,
            128,
            128
        ],
        [
            124,
            128,
            128
        ],
        [
            115,
            128,
            128
        ],
        [
            115,
            128,
            128
        ],
        [
            115,
            128,
            128
        ],
        [
            115,
            128,
            128
        ],
        [
            115,
            128,
            128
        ],
        [
            115,
            128,
            128
        ],
        [
            115,
            128,
            128
        ],
        [
            115,
            128,
            128
        ],
        [
            115,
            128,
            128
        ],
        [
            115,
            128,
            128
        ],
        [
            115,
            128,
            128
        ],
        [
            115,
            128,
            128
        ],
        [
            115,
            128,
            128
        ],
        [
            115,
            128,
            128
        ],
        [
            115,
            128,
            128
        ],
        [
            115,
            128,
            128
        ],
        [
            115,
            128,
            128
        ],
        [
            115,
            128,
            128
        ],
        [
            115,
            128,
            128
        ],
        [
            115,
            128,
            128
        ],
        [
            115,
            128,
            128
        ],
        [
            115,
            128,
            128
        ],
        [
            115,
            128,
            128
        ]
    ],