{
    "foreground_intensity_properties_per_channel": {
        "0": {
            "max": 1681.779052734375,
            "mean": 380.20599365234375,
            "median": 384.9057922363281,
            "min": 3.6041347980499268,
            "percentile_00_5": 78.4699478149414,
            "percentile_99_5": 728.0430908203125,
            "std": 134.11080932617188
        }
    },
    "median_relative_size_after_cropping": 1.0,
    "shapes_after_crop": [
        [
            100,
            128,
            128
        ],
        [
            110,
            128,
            128
        ],
        [
            100,
            128,
            128
        ],
        [
            110,
            128,
            128
        ],
        [
            115,
            128,
            128
        ],
        [
            115,
            128,
            128
        ],
        [
            115,
            128,
            128
        ],
        [
            115,
            128,
            128
        ],
        [
            115,
            128,
            128
        ],
        [
            90,
            128,
            128
        ],
        [
            115,
            128,
            128
        ],
        [
            115,
            128,
            128
        ],
        [
            115,
            128,
            128
        ],
        [
            115,
            128,
            128
        ],
        [
            115,
            128,
            128
        ],
        [
            115,
            128,
            128
        ],
        [
            90,
            128,
            128
        ],
        [
            115,
            128,
            128
        ],
        [
            115,
            128,
            128
        ],
        [
            115,
            128,
            128
        ],
        [
            115,
            128,
            128
        ],
        [
            115,
            128,
            128
        ],
        [
            115,
            128,
            128
        ],
        [
            100,
            128,
            128
        ],
        [
            115,
            128,
            128
        ],
        [
            115,
            128,
            128
        ],
        [
            115,
            128,
            128
        ],
        [
            115,
            128,
            128
        ],
        [
            100,
            128,
            128
        ],
        [
            115,
            128,
            128
        ],
        [
            115,
            128,
            128
        ],
        [
            100,
            128,
            128
        ],
        [
            75,
            128,
            128
        ],
        [
            115,
            128,
            128
        ],
        [
            115,
            128,
            128
        ],
        [
            115,
            128,
            128
        ],
        [
            80,
            128,
            128
        ],
        [
            115,
            128,
            128
        ],
        [
            80,
            128,
            128
        ],
        [
            115,
            128,
            128
        ],
        [
            80,
            128,
            128
        ],
        [
            80,
            128,
            128
        ],
        [
            80,
            128,
            128
        ],
        [
            80,
            128,
            128
        ],
        [
            115,
            128,
            128
        ],
        [
            115,
            128,
            128
        ],
        [
            115,
            128,
            128
        ],
        [
            115,
            128,
            128
        ],
        [
            115,
            128,
            128
        ],
        [
            115,
            128,
            128
        ],
        [
            115,
            128,
            128
        ],
        [
            115,
            128,
            128
        ],
        [
            115,
            128,
            128
        ],
        [
            115,
            128,
            128
        ],
        [
            115,
            128,
            128
        ],
        [
            115,
            128,
            128
        ],
        [
            115,
            128,
            128
        ],
        [
            115,
            128,
            128
        ],
        [
            115,
            128,
            128
        ],
        [
            115,
            128,
            128
        ],
        [
            115,
            128,
            128
        ],
        [
            115,
            128,
            128
        ],
        [
            115,
            128,
            128
        ],
        [
            115,
            128,
            128
        ],
        [
            115,
            128,
            128
        ],
        [
            115,
            128,
            128
        ],
        [
            115,
            128,
            128
        ],
        [
            115,
            128,
            128
        ],
        [
            115,
            128,
            128
        ],
        [
            115,
            128,
            128
        ],
        [
            115,
            128,
            128
        ],
        [
            115,
            128,
            128
        ],
        [
            115,
            128,
            128
        ],
        [
            115,
            128,
            128
        ],
        [
            115,
            128,
            128
        ],
        [
            115,
            128,
            128
        ],
        [
            115,
            128,
            128
        ]
    ],