{
    "foreground_intensity_properties_per_channel": {
        "0": {
            "max": 1466.6702880859375,
            "mean": 220.8554229736328,
            "median": 208.49490356445312,
            "min": 0.3543871343135834,
            "percentile_00_5": 20.003488540649414,
            "percentile_99_5": 566.8165893554688,
            "std": 117.71212005615234
        }
    },
    "median_relative_size_after_cropping": 1.0,
    "shapes_after_crop": [
        [
            128,
            128,
            128
        ],
        [
            110,
            128,
            128
        ],
        [
            115,
            128,
            128
        ],
        [
            115,
            128,
            128
        ],
        [
            115,
            128,
            128
        ],
        [
            115,
            128,
            128
        ],
        [
            120,
            128,
            128
        ],
        [
            120,
            128,
            128
        ],
        [
            115,
            128,
            128
        ],
        [
            115,
            128,
            128
        ],
        [
            115,
            128,
            128
        ],
        [
            115,
            128,
            128
        ],
        [
            115,
            128,
            128
        ],
        [
            115,
            128,
            128
        ],
        [
            115,
            128,
            128
        ],
        [
            115,
            128,
            128
        ],
        [
            115,
            128,
            128
        ],
        [
            115,
            128,
            128
        ],
        [
            115,
            128,
            128
        ],
        [
            115,
            128,
            128
        ],
        [
            115,
            128,
            128
        ],
        [
            115,
            128,
            128
        ],
        [
            115,
            128,
            128
        ],
        [
            115,
            128,
            128
        ],
        [
            115,
            128,
            128
        ],
        [
            115,
            128,
            128
        ],
        [
            115,
            128,
            128
        ],
        [
            115,
            128,
            128
        ],
        [
            115,
            128,
            128
        ],
        [
            115,
            128,
            128
        ],
        [
            115,
            128,
            128
        ],
        [
            115,
            128,
            128
        ],
        [
            115,
            128,
            128
        ],
        [
            115,
            128,
            128
        ],
        [
            115,
            128,
            128
        ],
        [
            115,
            128,
            128
        ],
        [
            115,
            128,
            128
        ],
        [
            115,
            128,
            128
        ],
        [
            115,
            128,
            128
        ],
        [
            115,
            128,
            128
        ],
        [
            115,
            128,
            128
        ],
        [
            124,
            128,
            128
        ],
        [
            115,
            128,
            128
        ],
        [
            115,
            128,
            128
        ],
        [
            115,
            128,
            128
        ],
        [
            115,
            128,
            128
        ],
        [
            115,
            128,
            128
        ],
        [
            115,
            128,
            128
        ],
        [
            115,
            128,
            128
        ],
        [
            115,
            128,
            128
        ],
        [
            115,
            128,
            128
        ],
        [
            115,
            128,
            128
        ],
        [
            115,
            128,
            128
        ],
        [
            115,
            128,
            128
        ],
        [
            115,
            128,
            128
        ]
    ],